station_name,station_id,lat,lng
Constitution Ave & 2nd St NW/DOL,305.0,38.892275,-77.013917
8th & O St NW,413.0,38.908640000000005,-77.02277
Massachusetts Ave & Dupont Circle NW,24.0,38.9101,-77.0444
Henry Bacon Dr & Lincoln Memorial Circle NW,452.0,38.890539000000004,-77.04938299999999
C & O Canal & Wisconsin Ave NW,127.0,38.90375,-77.06269
5th & F St NW,141.0,38.897222,-77.019347
Jefferson Memorial,187.0,38.879819,-77.037413
Battery Ln & Trolley Trail,340.0,38.992375,-77.100104
1st & D St SE,482.0,38.884916,-77.005965
M St & Pennsylvania Ave NW,184.0,38.905126,-77.056887
Hardy Rec Center,654.0,38.9097,-77.085646
15th & L St NW,394.0,38.903649,-77.034918
Edgewood Rec Center,642.0,38.924144,-77.002098
New Hampshire Ave & 24th St NW,382.0,38.901755,-77.051084
1st & M St NE,65.0,38.905696999999996,-77.005483
14th & Irving St NW,461.0,38.928552,-77.032224
1st & Washington Hospital Center NW,61.0,38.928743,-77.012457
Fairfax Dr & Wilson Blvd,179.0,38.885801,-77.09774499999999
14th & V St NW,14.0,38.917764,-77.032096
Park Rd & Holmead Pl NW,64.0,38.9308,-77.0315
New York Ave & 15th St NW,124.0,38.899032,-77.033354
4th & East Capitol St NE,139.0,38.889955,-77.000349
24th & N St NW,272.0,38.9066,-77.05152
Florida Ave & R St NW,58.0,38.9126,-77.0135
Rhode Island Ave Metro,368.0,38.920682,-76.995876
Vermont Ave & I St NW,462.0,38.901136,-77.034451
17th & Corcoran St NW,101.0,38.9121,-77.0387
California St & Florida Ave NW,78.0,38.917761,-77.04061999999999
4th & M St SW,21.0,38.876697,-77.01789699999999
17th & K St NW,100.0,38.90276,-77.03863
15th & M St NW,526.0,38.905424,-77.034674
Prince George's Plaza Metro,638.0,38.965742,-76.954803
Columbia & Ontario Rd NW,517.0,38.924088,-77.040787
18th & L St NW,126.0,38.903741,-77.042452
14th St & Colorado Ave NW,90.0,38.956432,-77.032947
Briggs Chaney & Castle Dr,656.0,39.081638,-76.945495
14th & Newton St NW,575.0,38.931991,-77.032956
Adams Mill & Columbia Rd NW,17.0,38.922925,-77.04258100000001
Massachusetts Ave & 6th St NE,591.0,38.892934000000004,-76.998273
National Harbor Carousel,647.0,38.7859,-77.0167
3rd & D St SE,67.0,38.8851,-77.0023
4th & D St NW / Judiciary Square,145.0,38.895344,-77.01610600000001
1st & O St NW,434.0,38.908643,-77.012365
13th & E St SE,69.0,38.882915000000004,-76.98790600000001
Barcroft Community Center,168.0,38.850336,-77.100988
Potomac & Pennsylvania Ave SE,68.0,38.8803,-76.9862
Court House Metro / 15th St & N Uhle St,390.0,38.890612,-77.084801
Fleet St & Waterfront St,579.0,38.782633000000004,-77.016059
1st & Rhode Island Ave NW,60.0,38.915417,-77.012289
Rhodes St & 16th St N,172.0,38.892164,-77.079375
Smithsonian-National Mall / Jefferson Dr & 12th St SW,186.0,38.888774,-77.02869399999999
22nd & P ST NW,437.0,38.909394,-77.048728
Rolfe St & 9th St S,369.0,38.866471000000004,-77.076131
Convention Center / 7th & M St NW,125.0,38.905737,-77.02226999999999
13th & D St NE,146.0,38.894832,-76.987633
Jefferson Dr & 14th St SW,185.0,38.888552000000004,-77.032427
Park Run & Onyx Dr,585.0,38.92755,-77.226644
Clarendon Metro / Wilson Blvd & N Highland St,177.0,38.887859999999996,-77.094875
11th & Kenyon St NW,15.0,38.929464,-77.027822
Georgia Ave & Morton St NW,626.0,38.932128000000006,-77.0235
Neal St & Trinidad Ave NE,298.0,38.903732,-76.987211
8th & H St NW,130.0,38.8997,-77.02308599999999
18th & R St NW,398.0,38.912648,-77.041834
New Hampshire Ave & T St NW,131.0,38.915544,-77.038252
Georgia & New Hampshire Ave NW,83.0,38.936683,-77.02418
3rd & Elm St NW,80.0,38.917621999999994,-77.01597
Oklahoma Ave & Benning Rd NE,666.0,38.897498999999996,-76.969509
16th & Irving St NW,429.0,38.928893,-77.03625
7th & T St NW,22.0,38.9155,-77.0222
Carlin Springs Rd & N Thomas St,499.0,38.876695,-77.11298199999999
Kingman Island/The Fields at RFK,645.0,38.895953999999996,-76.967844
1st & K St SE,192.0,38.878854,-77.00572700000001
4th St & Madison Dr NW,451.0,38.890495,-77.017246
8th & Eye St SE / Barracks Row,94.0,38.8792,-76.9953
20th St & Florida Ave NW,23.0,38.9154,-77.0446
D St & Maryland Ave NE,144.0,38.894758,-76.997114
Hains Point/Buckeye & Ohio Dr SW,355.0,38.878433,-77.03023
12th St & Pennsylvania Ave SE,497.0,38.882489,-76.990121
Eastern Market Metro / Pennsylvania Ave & 7th St SE,120.0,38.884,-76.995397
14th & Otis Pl NW,634.0,38.934405,-77.032687
Bladensburg Rd & Benning Rd NE,138.0,38.900413,-76.982872
6th St & Indiana Ave NW,248.0,38.894573,-77.01994
Thomas Circle,178.0,38.9059,-77.0325
3rd St & Pennsylvania Ave SE,302.0,38.887378000000005,-77.00195500000001
14th & Q St NW,680.0,38.910674,-77.03188
4th & C St SW,181.0,38.886371000000004,-77.0177
14th & Belmont St NW,81.0,38.921074,-77.031887
Clark St & 26th St S,70.0,38.850688,-77.05152
11th & M St NW,195.0,38.905578000000006,-77.027313
Maine Ave & 7th St SW,95.0,38.878693,-77.023054
10th & E St NW,273.0,38.895914000000005,-77.026064
14th & Upshur St NW,89.0,38.942475,-77.032678
8th & K St NE,644.0,38.902732,-76.995149
Columbia Pike & S Walter Reed Dr,233.0,38.862478,-77.08659899999999
4th St & K St NW,456.0,38.902405,-77.016005
18th & M St NW,123.0,38.905066,-77.04177800000001
23rd & M St NW,533.0,38.905303,-77.050264
Maine Ave & 9th St SW,548.0,38.88044,-77.02523599999999
Connecticut Ave & Newark St NW / Cleveland Park,108.0,38.934267,-77.057979
King Greenleaf Rec Center,587.0,38.876211,-77.012443
3rd & M St NE,191.0,38.905469000000004,-77.00213000000001
14th & Rhode Island Ave NW,27.0,38.9086,-77.0323
Wilson Blvd & N Troy St,529.0,38.892556,-77.082089
21st St & Constitution Ave NW,173.0,38.892459,-77.04656700000001
Virginia Ave & 25th St NW,525.0,38.8995,-77.05415500000001
14th & R St NW,26.0,38.913046,-77.03200799999999
Eisenhower Ave & Mill Race Ln,383.0,38.801111,-77.068952
1st & N St  SE,33.0,38.8743,-77.0057
S Arlington Mill Dr & Campbell Ave,226.0,38.84232,-77.089555
Ballenger Ave & Dulaney St,385.0,38.802677,-77.063562
American University East Campus,530.0,38.936298,-77.087128
23rd & E St NW ,197.0,38.896104,-77.049882
Bethesda Ave & Arlington Rd,310.0,38.981103000000004,-77.097426
11th & S St NW,410.0,38.913761,-77.027025
Crystal Dr & 27th St S,10.0,38.848465999999995,-77.051514
New Jersey Ave & R St NW,292.0,38.912659000000005,-77.017669
8th & F St NE,294.0,38.897273999999996,-76.994749
Lynn St & 19th St North,114.0,38.897315,-77.070993
Tanger Outlets,611.0,38.7968,-77.0026
10th & U St NW,73.0,38.9172,-77.0259
Anacostia Park,553.0,38.87335,-76.9834
Connecticut Ave & Yuma St NW,444.0,38.947156,-77.065115
Van Ness Metro / UDC,103.0,38.944551000000004,-77.063896
Gravelly Point,230.0,38.865029,-77.039511
Maryland Ave & E St NE,417.0,38.896134,-76.9929
1st & K St NE,669.0,38.902386,-77.005649
6th & H St NE,136.0,38.899972,-76.998347
4th & M St SE,582.0,38.876751,-77.000736
2nd St & Massachusetts Ave NE,445.0,38.894971999999996,-77.003135
Crystal City Metro / 18th St & S Bell St,8.0,38.857403999999995,-77.05113100000001
Crystal Dr & 23rd St S,12.0,38.8533,-77.0498
15th & W St NW,496.0,38.919018,-77.034449
15th & P St NW,25.0,38.909867999999996,-77.034421
Crystal Dr & 20th St S,3.0,38.856425,-77.04923199999999
Potomac Ave & 8th St SE,323.0,38.876737,-76.99446800000001
John McCormack Dr & Michigan Ave NE,57.0,38.9346,-76.9955
10th & Monroe St NE,59.0,38.932514000000005,-76.992889
Lincoln Memorial,277.0,38.888255,-77.049436
Washington Blvd & 10th St N,202.0,38.884734,-77.093485
Woodley Park Metro / Calvert St & Connecticut Ave NW,592.0,38.923389,-77.051833
7th & F St NW / National Portrait Gallery,148.0,38.897283,-77.022191
20th & L St NW,266.0,38.903584,-77.044789
17th St & Independence Ave SW,453.0,38.888096999999995,-77.038325
15th St & Pennsylvania Ave NW,544.0,38.896465,-77.033381
19th St & Constitution Ave NW,151.0,38.8923,-77.0436
34th & Water St NW,377.0,38.903732,-77.06752900000001
,,38.93,-77.02
Fort Totten Metro,367.0,38.95235133333333,-77.00266566666667
14th & Harvard St NW,18.0,38.92666533333333,-77.03224
Wilson Blvd & N Quincy St,194.0,38.880021166666666,-77.10781283333333
11th & Park Rd NW,581.0,38.931415333333334,-77.0281865
14th & D St SE,677.0,38.88403133333333,-76.98609166666667
3rd & Tingey St SE,322.0,38.8749185,-77.00258000000001
20th & O St NW / Dupont South,150.0,38.9088,-77.04494066666666
39th & Calvert St NW / Stoddert,109.0,38.92262933333333,-77.07725500000001
7th & S St NW,630.0,38.9141865,-77.02213516666667
1st & M St SE,578.0,38.8773845,-77.0058585
New Hampshire & Gallatin St NW,597.0,38.951638333333335,-77.012762
Washington Blvd & 7th St N,250.0,38.880827000000004,-77.09074583333333
21st St & N Pierce St,401.0,38.898978666666665,-77.07836
4th & E St SW,182.0,38.8837995,-77.01770966666666
11th & Girard St NW,527.0,38.92563183333333,-77.02710683333333
Roosevelt Island,228.0,38.896573333333336,-77.06715083333333
Key Blvd & N Quinn St,196.0,38.89628983333333,-77.07857733333333
Connecticut & Nebraska Ave NW,133.0,38.955036,-77.07003066666667
Anacostia Metro,46.0,38.86264616666666,-76.99467133333333
Rhode Island & Connecticut Ave NW,155.0,38.90557016666666,-77.0397725
Wilson Blvd & N Franklin Rd,175.0,38.890455333333335,-77.08884683333333
Lee Hwy & N Adams St,251.0,38.895852833333336,-77.08885716666667
N. Beauregard St. & Berkley St.,672.0,38.84084766666667,-77.10892916666667
Pershing Dr & N George Mason Dr,234.0,38.8718215,-77.10792766666667
Washington-Liberty High School / N Stafford St & Generals Way,518.0,38.88824983333333,-77.11105183333333
36th & Calvert St NW / Glover Park,107.0,38.9225985,-77.07031316666666
8th & H St NE,653.0,38.899840999999995,-76.99493583333333
Fairfax Dr & N Randolph St,264.0,38.88244866666667,-77.10946683333333
19th & G St NW,403.0,38.898258666666656,-77.043309
Eckington Pl & Q St NE,115.0,38.91093433333333,-77.00498
Montgomery & East Ln,320.0,38.983495,-77.09495733333333
E Montgomery Ave & Maryland Ave,314.0,39.08405733333333,-77.15117883333333
Monroe St & Monroe Pl,330.0,39.08368083333333,-77.14923566666667
Georgetown Harbor / 30th St NW,102.0,38.902308000000005,-77.05906116666667
15th & Euclid St  NW,79.0,38.92340383333333,-77.035187
N Lynn St & Fairfax Dr,491.0,38.89364916666667,-77.07094000000001
Troy St & 26th St S,222.0,38.84799666666667,-77.07514383333333
Cordell & Norfolk Ave,315.0,38.9896375,-77.0979915
Fleet St & Ritchie Pkwy,345.0,39.07636383333333,-77.14143666666666
Veterans Pl & Pershing Dr ,364.0,38.997538166666665,-77.02392933333333
13th & H St NE,97.0,38.90060066666667,-76.98815416666666
Central Library / Quincy St & 10th St N,201.0,38.884026,-77.10781233333333
Royal St & Wilkes St,439.0,38.79928966666667,-77.0446575
Columbia Pike & S Taylor St,520.0,38.85849516666666,-77.10374683333333
1st & H St NW,366.0,38.90049466666667,-77.01199266666667
Carroll & Westmoreland Ave,338.0,38.97503533333333,-77.01115366666667
16th & R St NW,430.0,38.912609499999995,-77.03621816666667
Minnesota Ave Metro/DOES,38.0,38.89699916666667,-76.94751766666667
Division Ave & Foote St NE,465.0,38.897419,-76.92589983333333
Eads St & 15th St S,1.0,38.85896516666666,-77.05345916666667
East West Hwy & 16th St,438.0,38.995663666666665,-77.0386475
10th St & Constitution Ave NW,121.0,38.8929845,-77.02591783333334
14th St & Spring Rd NW,84.0,38.937502333333335,-77.03289833333334
Congressional Ln & E Jefferson St,561.0,39.06218166666667,-77.12921300000001
13th & U St NW,681.0,38.916785833333336,-77.0297245
25th St & Pennsylvania Ave NW,153.0,38.90379683333333,-77.05352033333334
10th & Florida Ave NW,82.0,38.920414666666666,-77.02567983333333
Connecticut Ave & R St NW,528.0,38.912568666666665,-77.04560766666667
George Mason Dr & Wilson Blvd,256.0,38.878852,-77.12062933333333
Pershing Dr & Wayne St,231.0,38.88074316666667,-77.08636716666666
North Capitol St & G Pl NE,358.0,38.899633666666666,-77.009486
24th & R St NE / National Arboretum,464.0,38.91263766666667,-76.97202166666666
Riggs Rd & East West Hwy,610.0,38.97247766666667,-76.98054666666667
US Dept of State / Virginia Ave & 21st St NW,122.0,38.8947595,-77.04661183333333
12th & U St NW,299.0,38.9168015,-77.02826033333334
New Hampshire Ave & Ward Pl NW,99.0,38.905772999999996,-77.0471775
Columbus Circle / Union Station,156.0,38.89694866666667,-77.00472566666667
Lamont & Mt Pleasant NW,20.0,38.93189433333333,-77.03876666666666
3rd & H St NE,137.0,38.90047466666667,-77.0020665
Wisconsin Ave & Ingomar St NW,428.0,38.95826383333333,-77.08464733333334
Wheaton Metro / Georgia Ave & Reedie Dr,505.0,39.03823516666667,-77.051002
Fishers Ln & Rock Creek Mill Rd,560.0,39.06287516666666,-77.11342966666666
8th & East Capitol St NE,193.0,38.889975166666666,-76.99518383333333
Washington & Independence Ave SW/HHS,306.0,38.887047333333335,-77.01377866666667
6th & K St NE,501.0,38.90312383333333,-76.99840016666667
Washington Blvd & Walter Reed Dr ,360.0,38.87325333333333,-77.082083
Tenleytown / Wisconsin Ave & Albemarle St NW,106.0,38.947606666666665,-77.079265
Wisconsin Ave & Brandywine St NW,463.0,38.94981516666667,-77.08018299999999
14th & Luzon St NW,577.0,38.969460999999995,-77.03347583333333
Prince St & Union St,237.0,38.803142,-77.04039499999999
Mount Vernon Ave & E Nelson Ave,386.0,38.82000833333333,-77.05761983333333
Georgia Ave & Piney Branch Rd NW,492.0,38.96751233333333,-77.02798633333333
5th & Kennedy St NW,86.0,38.95665366666667,-77.0197815
Kansas Ave & Sherman Cr NW,583.0,38.94796683333333,-77.02144416666667
Chillum Rd & Riggs Rd / Riggs Plaza,612.0,38.96174283333333,-76.99587233333334
M St & New Jersey Ave SE,32.0,38.87637433333333,-77.00374016666666
Columbia Rd & Belmont St NW,75.0,38.920666333333344,-77.04355516666666
14th & Girard St NW,440.0,38.92541633333333,-77.03239983333333
28th St & S Meade St,221.0,38.846273833333335,-77.06941316666666
12th & Newton St NE,56.0,38.93374633333333,-76.99099050000001
Calvert St & Woodley Pl NW,352.0,38.92357533333333,-77.05010533333333
Potomac & M St NW,516.0,38.90540566666667,-77.06519499999999
Silver Spring Metro / Colesville Rd & Wayne Ave,319.0,38.99494716666667,-77.02954666666666
Montello Ave & Holbrook Terr NE,588.0,38.90744316666667,-76.98677133333334
3rd & G St SE,158.0,38.8812125,-77.0018745
Georgia & Missouri Ave NW,414.0,38.96134516666667,-77.02783866666667
Takoma Metro,91.0,38.9752455,-77.01691033333333
Eads St & 12th St S,218.0,38.8626985,-77.05443299999999
Medical Center Metro ,426.0,38.999472833333336,-77.09797266666666
Joyce St & 16th St S,397.0,38.859269833333336,-77.06328983333333
Twinbrook Metro,554.0,39.062082333333336,-77.1207425
East Falls Church Metro / Sycamore St & 19th St N,447.0,38.885285333333336,-77.15661866666666
Pennsylvania Ave & Park Ave,617.0,38.88735116666667,-77.17698416666667
16th & Harvard St NW,16.0,38.92613416666666,-77.036682
Wisconsin Ave & Newark St NW,105.0,38.934999499999996,-77.0727525
N Roosevelt St & Roosevelt Blvd,619.0,38.87807416666666,-77.15399166666667
Georgia Ave and Fairmont St NW,31.0,38.92488733333333,-77.02217683333333
37th & O St NW / Georgetown University,152.0,38.907915,-77.07160933333333
14th St & New York Ave NW,116.0,38.899707,-77.03166483333334
Barton St & 10th St N,278.0,38.885071999999994,-77.08779333333334
Capitol Heights Metro,637.0,38.8885215,-76.913075
New Jersey Ave & N St NW/Dunbar HS,353.0,38.90734466666667,-77.01532716666667
Friendship Blvd & Willard Ave,357.0,38.96116716666667,-77.08863766666667
L'Enfant Plaza / 7th & C St SW,118.0,38.88626166666667,-77.0222265
13th St & New York Ave NW,129.0,38.900106666666666,-77.03020066666667
Woodmont Ave & Strathmore St,432.0,38.97984566666667,-77.09341500000001
10th & K St NW,199.0,38.90252183333333,-77.02613016666666
18th & C St NW,436.0,38.89359116666667,-77.0414125
11th & O St NW,442.0,38.90833716666667,-77.02703016666666
North Capitol & R St NE,631.0,38.9125855,-77.0087005
2nd & G St NE,412.0,38.89967383333333,-77.00336266666666
Wilson Blvd & N Edgewood St,174.0,38.88902766666666,-77.0925385
Pleasant St & MLK Ave SE,52.0,38.86391233333333,-76.98994966666666
Riverdale Park Town Center,639.0,38.96217866666667,-76.93555433333333
The Mall at Prince Georges,640.0,38.968840166666666,-76.9542175
Oglethorpe St & 42nd Ave,604.0,38.959352333333335,-76.94621466666666
Capitol Ave & Kendall St NE,676.0,38.911276,-76.985609
Union Market,399.0,38.907864,-76.99706433333333
3rd & H St NW,66.0,38.899429833333336,-77.01527316666666
18th St & Pennsylvania Ave NW,180.0,38.89972066666667,-77.04167733333334
20th & E St NW,28.0,38.8961885,-77.04488733333334
Ballston Metro / Stuart St & 9th St N,249.0,38.88113666666667,-77.11167883333333
Perry & 35th St,568.0,38.93622516666667,-76.96008183333333
3rd St & Riggs Rd NE,498.0,38.95739533333333,-77.00226633333334
Clarendon Blvd & Pierce St,170.0,38.893527166666665,-77.076437
King St Metro North / Cameron St,424.0,38.806974833333335,-77.05978733333333
5th St & Massachusetts Ave NW,189.0,38.900922666666666,-77.018571
5th & K St NW,62.0,38.903098166666666,-77.01905566666667
4th & W St NE,55.0,38.919058666666665,-77.00064483333334
Ohio Dr & West Basin Dr SW / MLK & FDR Memorials,163.0,38.8840455,-77.04645416666666
21st St & Pennsylvania Ave NW,268.0,38.901407166666665,-77.04665483333333
17th St & Massachusetts Ave NW,291.0,38.90819783333333,-77.03856800000001
Eastern Market / 7th & North Carolina Ave SE,96.0,38.88695416666667,-76.99683016666667
Livingston Rd & 3rd St SE,541.0,38.82371783333333,-77.00222600000001
18th St & Wyoming Ave NW,76.0,38.918752000000005,-77.0415675
22nd & I St NW / Foggy Bottom,276.0,38.90102183333333,-77.048731
Metro Center / 12th & G St NW,132.0,38.89830633333333,-77.02808033333334
Hamlin & 7th St NE,308.0,38.9274865,-76.99718816666666
Lee Hwy & N Monroe St,400.0,38.89639833333333,-77.1045665
Fenton St & New York Ave ,309.0,38.985392,-77.02310916666667
Norfolk & Rugby Ave,341.0,38.9906745,-77.100288
Old Georgetown Rd & Southwick St,356.0,38.999621833333336,-77.10963316666667
W Broad St & Little Falls St,620.0,38.88358183333333,-77.173407
Army Navy Dr & S Joyce St,7.0,38.863294,-77.0633875
Crystal Dr & 15th St S,4.0,38.86017916666667,-77.04961949999999
34th St & Wisconsin Ave NW,128.0,38.916503999999996,-77.06823066666666
Potomac Ave & Half St SW,570.0,38.87041716666667,-77.01050016666667
Lincoln Rd & Seaton Pl NE/Harry Thomas Rec Center,549.0,38.91493183333333,-77.00780300000001
Connecticut Ave & Tilden St NW,290.0,38.94109783333333,-77.0619605
Rhode Island Ave & V St NE,304.0,38.918149666666665,-77.00470266666666
Lee Hwy & N Cleveland St,379.0,38.894923999999996,-77.0917575
Wisconsin Ave & O St NW,289.0,38.908463833333336,-77.06373016666667
Rhode Island & Montana Ave NE,629.0,38.92424966666667,-76.9860005
Baltimore Ave & Van Buren St / Riverdale Park Station,566.0,38.969560666666666,-76.937306
12th & L St NW,267.0,38.90374716666667,-77.028421
Wilson Blvd. & N. Vermont St.,665.0,38.87950266666667,-77.11432683333334
Maryland Ave & 17th St NE,590.0,38.9019425,-76.9786125
Randle Circle & Minnesota Ave SE,37.0,38.87800883333333,-76.96071433333333
15th & F St NE,296.0,38.897066333333335,-76.983562
Commonwealth Ave & Oak St,449.0,38.81259133333333,-77.06172833333333
Lee Hwy & N Woodstock St,422.0,38.898351,-77.117997
15th St & Constitution Ave NW,531.0,38.892243666666666,-77.03318966666667
Fessenden St & Wisconsin Ave NW,112.0,38.954803833333344,-77.08240583333334
31st & Water St NW,408.0,38.90264533333333,-77.0612785
3000 Connecticut Ave NW / National Zoo,110.0,38.93036716666667,-77.05564483333333
9th & Upshur St NW,87.0,38.94178316666667,-77.02511933333334
Broad Branch Rd & Northampton St NW,683.0,38.965809166666666,-77.06856616666667
Tysons One Pl & Chain Bridge Rd,470.0,38.919596666666656,-77.221189
39th & Veazey St NW,111.0,38.943845,-77.0770905
17th & K St NW / Farragut Square,149.0,38.902261333333335,-77.03840100000001
15th St & Massachusetts Ave SE,190.0,38.88726,-76.98354316666666
New Hampshire & Kirklynn Ave,504.0,38.9881065,-76.98843066666667
Bethesda Metro / Wisconsin Ave & Old Georgetown Rd,374.0,38.98452416666667,-77.09453383333333
White Flint Metro,555.0,39.04753483333333,-77.112797
Four Mile Run Dr & S Walter Reed Dr,225.0,38.84729516666667,-77.09528216666666
N Veitch St & Key Blvd,252.0,38.89328,-77.08601433333334
West Hyattsville Metro,636.0,38.9553225,-76.96807916666667
E Fairfax St & S Washington St,618.0,38.88054616666667,-77.17187616666666
WAU / Flower Ave & Division St,391.0,38.98671916666667,-76.999987
11th & F St NW,280.0,38.89759083333333,-77.027079
Reservoir Rd & 38th St NW,651.0,38.912732833333344,-77.07443549999999
New Hampshire & Lockwood,661.0,39.039161666666665,-76.991804
Anacostia Ave & Benning Rd NE / River Terrace ,43.0,38.896558166666665,-76.96006949999999
19th & K St NW,269.0,38.902084333333335,-77.043584
15th & East Capitol St NE,293.0,38.889926333333335,-76.9834595
Columbia Rd & Georgia Ave NW,77.0,38.928163,-77.0238155
Ward Circle / American University,104.0,38.938782333333336,-77.08724183333334
Radford St & Osage St,446.0,38.8284905,-77.08603733333334
11th & H St NE,135.0,38.899953333333336,-76.99139216666667
Clarendon Blvd & N Fillmore St,176.0,38.88805883333333,-77.09328683333334
7th St & Massachusetts Ave NE,552.0,38.89215516666667,-76.995994
17th & Upshur St NW,632.0,38.94220583333333,-77.03863833333334
King Farm Blvd & Pleasant Dr,350.0,39.114634333333335,-77.17160866666667
14th & L St NW,433.0,38.90375616666667,-77.0316715
Iwo Jima Memorial / Meade & 14th St N,375.0,38.889854,-77.07128399999999
Rosslyn Metro / Wilson Blvd & Ft Myer Dr,169.0,38.894684999999996,-77.07201316666666
48th Pl & MacArthur Blvd NW,576.0,38.916995666666665,-77.09575550000001
22nd & H St NW,652.0,38.89906333333333,-77.04884666666666
Baltimore Ave & Jefferson St,567.0,38.95555733333333,-76.94010533333334
3rd & Underwood St NW,512.0,38.968856333333335,-77.01625133333333
Dunn Loring Metro,603.0,38.8827075,-77.22823366666667
Georgia Ave & Kennedy St NW,551.0,38.95670333333333,-77.02784583333333
Henry St & Pendleton St,242.0,38.81148683333333,-77.05027083333333
Long Bridge Park / Long Bridge Dr & 6th St S,392.0,38.8655675,-77.05003716666667
21st & I St NW,29.0,38.900693333333344,-77.04626283333333
31st St & S Woodrow St,359.0,38.83786716666667,-77.09351666666667
Eads St & 22nd St S,113.0,38.8543795,-77.05348283333333
Stadium Armory Metro,682.0,38.88556,-76.9771495
Rockville Metro East,365.0,39.08538033333333,-77.14584183333334
Alabama & MLK Ave SE,45.0,38.843218,-76.999431
17th & G St NW,395.0,38.89833733333333,-77.03984133333333
New York Ave & Hecht Ave NE,418.0,38.91568933333333,-76.98363816666667
Montgomery Ave & Waverly St ,311.0,38.98379483333333,-77.0921485
Kennedy Center,98.0,38.8972965,-77.05553883333333
Carroll & Ethan Allen Ave,339.0,38.97792916666667,-77.00629883333333
Wilson Blvd & N Uhle St,171.0,38.891763,-77.08447916666667
Fenton St & Gist Ave,337.0,38.98972116666667,-77.02387983333334
Fenton St & Ellsworth Dr ,349.0,38.997102500000004,-77.025458
Wiehle Ave & Reston Station Blvd,483.0,38.94659033333333,-77.33931416666667
East West Hwy & Blair Mill Rd,332.0,38.99023316666667,-77.029463
Georgia Ave & Emerson St NW,88.0,38.94966816666667,-77.02746966666666
Arlington Blvd & N Queen St,217.0,38.88939233333333,-77.07734616666667
Columbia Pike & S Courthouse Rd,219.0,38.86394916666666,-77.08032266666666
15th St & N Scott St,246.0,38.89047866666667,-77.08090250000001
14th St Heights / 14th & Crittenden St NW,85.0,38.9478275,-77.0329235
N Veitch St & 20th St N,198.0,38.89694283333333,-77.08645716666666
Silver Spring Transit Center - Top Level,347.0,38.99400233333333,-77.03037183333333
GMU / Fairfax Dr & Kenmore St,216.0,38.88463816666667,-77.10104716666666
Virginia Square Metro / Monroe St & 9th St N,200.0,38.882647999999996,-77.103335
Georgia Ave & Spring St,348.0,38.999392,-77.03157466666667
River Rd & Landy Ln,372.0,38.965004666666665,-77.10339316666666
7th & R St NW / Shaw Library,183.0,38.9127365,-77.02265433333334
2nd St & Seaton Pl NE,159.0,38.91464633333333,-77.003529
St Asaph & Pendleton St,239.0,38.81076633333333,-77.044597
Calvert & Biltmore St NW,19.0,38.92318916666667,-77.04778333333333
Valley Ave & Wheeler Rd SE,648.0,38.83673133333333,-76.9936155
18th & Monroe St NE,513.0,38.9328605,-76.97952783333334
Lincoln Park / 13th & East Capitol St NE ,140.0,38.89044733333333,-76.98838549999999
14th & D St NW / Ronald Reagan Building,147.0,38.89447966666667,-77.03148633333333
Oak Leaf & Lockwood,663.0,39.038143833333336,-76.99456683333334
Takoma Park Rec Center,503.0,38.98256283333333,-76.988401
Lyttonsville Rd & Lyttonsville Pl,431.0,38.99967683333333,-77.05113316666667
Offutt Ln & Chevy Chase Dr,342.0,38.9771385,-77.09460016666667
Benning Rd & East Capitol St NE / Benning Rd Metro,42.0,38.889995,-76.93722466666667
Harvard St & Adams Mill Rd NW,74.0,38.927840333333336,-77.04324216666667
Grant Circle,633.0,38.94205933333333,-77.01827983333334
18th & New Hampshire Ave NW,599.0,38.911199833333335,-77.04182266666666
Walter Reed Dr & 8th St S,411.0,38.86619133333333,-77.08786816666667
Mt Vernon Trail & S. Washington St.,673.0,38.79305083333333,-77.04925016666667
11th & C St SE,596.0,38.88583033333333,-76.99147866666667
Branch & Pennsylvania Ave SE,36.0,38.86921816666667,-76.9596605
18th St & S Eads St,2.0,38.85722,-77.05381433333334
North Capitol St & F St NW,157.0,38.897446,-77.009888
Lee Hwy & N Scott St,381.0,38.897612,-77.080851
Nannie Helen Burroughs Ave & 49th St NE,142.0,38.898536,-76.931862
St. Asaph & Montgomery St,684.0,38.814184999999995,-77.043809
King St & Patrick St,240.0,38.805316999999995,-77.049883
Independence Ave & L'Enfant Plaza SW/DOE,307.0,38.887312,-77.025762
Citadel Ave & McGrath Blvd,556.0,39.048960666666666,-77.10933616666667
New Hampshire Ave & East-West Hwy,608.0,38.974213166666665,-76.99523266666667
S George Mason & Four Mile Run Dr,300.0,38.85227983333333,-77.10509016666667
Amherst Ave & Prichard Rd,507.0,39.035927666666666,-77.048435
Northwestern High School,607.0,38.975571333333335,-76.9521955
8th & D St NW,303.0,38.8948055,-77.02294549999999
S Maple Ave & S Washington St,621.0,38.8797535,-77.17837916666667
Utah St & 11th St N,245.0,38.8836915,-77.113899
Norfolk Ave & Fairmont St,281.0,38.98869233333333,-77.09656966666667
The Shoppes @ Burnt Mills,655.0,39.031586,-77.00420749999999
Queens Chapel & Hamilton St,606.0,38.954599,-76.95967516666667
Washington Blvd & N Frederick St,427.0,38.884826833333335,-77.12770983333333
10th & G St NW,380.0,38.8984855,-77.026321
Four Mile Run Dr & S Shirlington Rd,223.0,38.844386666666665,-77.085914
15th & K St NW,270.0,38.901985833333335,-77.03371316666667
Monroe Ave & Leslie Ave,388.0,38.820962,-77.05313783333334
New Jersey Ave & F St NW,589.0,38.8972165,-77.011987
Anacostia Library,49.0,38.865771,-76.97837033333333
Alabama Ave & Stanton Rd SE / Shops at Park Village,536.0,38.84631433333333,-76.98173566666667
Connecticut Ave & Chevy Chase Lake Dr,420.0,38.9940795,-77.07690383333333
Potomac Ave & Main Line Blvd,441.0,38.822653499999994,-77.0492015
Rosedale Rec Center,595.0,38.8978505,-76.97961966666666
Piccard & W Gude Dr,346.0,39.102211,-77.17713233333333
Connecticut Ave & McKinley St NW,393.0,38.964597,-77.075117
Friendship Hts Metro / Wisconsin Ave & Wisconsin Cir,321.0,38.96166016666667,-77.08622816666667
61st St & Banks Pl NE,487.0,38.891848333333336,-76.9135785
Mount Vernon Ave & E Del Ray Ave,387.0,38.8259945,-77.05857833333333
14th & G St NW,154.0,38.89834966666667,-77.032256
Glebe Rd & 11th St N,254.0,38.883994,-77.1168855
Yuma St & Tenley Circle NW,419.0,38.946178499999995,-77.0805005
Army Navy Dr & S Nash St,407.0,38.862401500000004,-77.06824016666667
Kenilworth Terrace & Hayes St. NE,646.0,38.9004915,-76.94721
Market Square / King St & Royal St,238.0,38.804649,-77.043415
Arlington Mill Cmty Center / Columbia Pike & S Dinwiddie St,235.0,38.856555166666666,-77.11175016666667
Amherst Ave & Elkins St,506.0,39.04494783333333,-77.04771616666666
Oklahoma Ave & D St NE,416.0,38.89447733333333,-76.97482533333333
Merrilee Dr & Lauren Elizabeth Lane,627.0,38.8785875,-77.23078033333333
Columbia Pike & S Orme St,301.0,38.86730966666666,-77.07232233333333
Wheaton Library & Community Rec Center,641.0,39.047265333333335,-77.05109883333333
Potomac Ave & Swann Ave,460.0,38.829545,-77.047844
Braddock Rd Metro,243.0,38.814577,-77.052808
Spring Hill Metro,467.0,38.929261,-77.240654
Pentagon City Metro / 12th St & S Hayes St,6.0,38.862303000000004,-77.059936
Arlington Blvd & Fillmore St,236.0,38.873754999999996,-77.089233
10th St & L'Enfant Plaza SW,443.0,38.884322,-77.02601
7th & K St NW,586.0,38.902674,-77.021392
19th St & Pennsylvania Ave NW,13.0,38.9003,-77.0429
S Glebe Rd & Potomac Ave,11.0,38.8426,-77.0502
Saint Asaph St & Madison St,423.0,38.812718,-77.044097
Key West Ave & Diamondback Dr,535.0,39.106152,-77.202354
Sunset Hills Rd & Discovery Square,485.0,38.95534,-77.357611
Potomac Ave & 35th St S,160.0,38.844015,-77.050537
Rockville Pike & Meeting St,569.0,39.050539,-77.115212
Sunset Hills Rd & Isaac Newton Square,490.0,38.951443,-77.340377
22nd St & Constitution Ave NW,486.0,38.892441,-77.048947
18th St & Rhode Island Ave NE,295.0,38.927095,-76.97892399999999
19th & East Capitol St SE,63.0,38.8896,-76.9769
King St Metro South,244.0,38.805762,-77.060626
Mount Vernon Ave & Kennedy St,389.0,38.83310683333333,-77.059747
7th & E St SW,514.0,38.88342866666667,-77.02149200000001
47th & Elm St,334.0,38.982456,-77.09199100000001
Franklin St & S Washington St,454.0,38.798133,-77.0487
TJ Cmty Ctr / 2nd St & S Old Glebe Rd,361.0,38.86944183333333,-77.09566333333333
Wakefield High School,220.0,38.847128999999995,-77.11255
Ridge Rd Community Center,649.0,38.876227,-76.94098100000001
N Oak St & W Broad St,616.0,38.88837,-77.17983199999999
W Columbia St & N Washington St,623.0,38.885621,-77.166917
Westover Library / Washington Blvd & N McKinley Rd,519.0,38.886047999999995,-77.142317
Potomac Greens Dr & Slaters Ln,384.0,38.82175,-77.047494
1st & S Capitol St SE / Oxon Run Trail,540.0,38.824481,-77.00549699999999
USDA / 12th & C St SW,117.0,38.88653433333333,-77.028251
Half & Water St SW,679.0,38.866277000000004,-77.010551
Grandview & Blueridge Ave,508.0,39.043271999999995,-77.053085
Lee Hwy & N Kirkwood Rd,402.0,38.895377,-77.09713
John McCormack Rd NE,635.0,38.938889,-76.997226
Madison St & Fairfax St,494.0,38.812326500000005,-77.040685
Windham Ln & Amherst Ave,509.0,39.032045333333336,-77.04730516666666
West Falls Church Metro,624.0,38.9001,-77.1887
Columbia Pike & S Oakland St,224.0,38.860789000000004,-77.09586
George Mason High School / Haycock Rd & Leesburg Pike,614.0,38.895171999999995,-77.190275
Gallaudet / 8th St & Florida Ave NE,188.0,38.90509,-76.9941
16th & Q St SE / Anacostia HS,466.0,38.870695,-76.982359
Woodglen Dr & Executive Blvd,558.0,39.04317,-77.1135
Aurora Hills Cmty Ctr / 18th St & S Hayes St,5.0,38.857865999999994,-77.05949
20th St & Virginia Ave NW,279.0,38.894721999999994,-77.045128
N Quincy St & Glebe Rd,167.0,38.876393,-77.10773499999999
19th & E Street NW,30.0,38.8952,-77.0436
Frederick Ave & Horners Ln,316.0,39.094772,-77.145213
Commonwealth Ave & E Monroe Ave,450.0,38.820058,-77.06282
Commerce St & Fayette St,241.0,38.805648,-77.05293
Madison St & N Henry St,425.0,38.813485,-77.049468
Stewart & April,659.0,39.044944,-76.981155
New Dominion Pkwy & Fountain Dr,479.0,38.960574,-77.356324
Merrifield Cinema & Merrifield Town Center,628.0,38.870093,-77.22997
Vy Reston Heights,668.0,38.949008,-77.355299
Duke St & John Carlyle St,376.0,38.804378,-77.060866
Traville Gateway Dr & Gudelsky Dr,313.0,39.09369866666667,-77.20250816666666
Kennebec St & 11th St N,448.0,38.880992,-77.135271
Pennsylvania & Minnesota Ave SE,50.0,38.873057,-76.97101500000001
Hyattsville Library / Adelphi Rd & Toledo Rd,613.0,38.9698,-76.9493
Spring St & 2nd Ave,396.0,38.997653,-77.034499
13th St & Eastern Ave,288.0,38.986999999999995,-77.02941700000001
Dennis Ave & Amherst Ave,335.0,39.025387,-77.044563
Eisenhower Ave & Ike Dr,675.0,38.802738,-77.08246199999999
Tysons Corner Station,471.0,38.920939000000004,-77.222115
Kenmore St & 24th St S,227.0,38.848454,-77.084918
Falls Church City Hall / Park Ave & Little Falls St,622.0,38.885351166666666,-77.17343183333334
Trinidad Rec Center,594.0,38.906299,-76.983221
Sunset Hills & Old Reston Ave,480.0,38.955079,-77.351649
Maple & Ritchie Ave,318.0,38.983610999999996,-77.006404
Rhode Island Ave & 39th St / Brentwood Arts Exchange,609.0,38.939271000000005,-76.955047
Wilson Blvd & N Illinois St ,166.0,38.876528,-77.12711999999999
Jones Branch Drive & Scotts Crossing Rd,625.0,38.928502,-77.215624
Mount Vernon Ave & Four Mile Run Park,455.0,38.843422,-77.06401600000001
Nannie Helen Burroughs & Minnesota Ave NE,39.0,38.901385,-76.941877
Greensboro & Pinnacle Dr,563.0,38.92245,-77.23034
Crystal Dr & Potomac Ave,572.0,38.848304,-77.05122
Westpark & Park Run Dr,474.0,38.928919,-77.225394
Shirlington Transit Center / Quincy St & Randolph St,370.0,38.839912,-77.08708299999999
Deanwood Rec Center,354.0,38.908473,-76.933099
Key West Ave & Great Seneca Hwy,524.0,39.105641999999996,-77.20385999999999
Shady Grove Metro East,515.0,39.121327,-77.164969
North Shore Dr & Village Rd,510.0,38.970411999999996,-77.340787
Southern Ave Metro,605.0,38.840107,-76.9753
Castle Blvd & Castle Ln,662.0,39.085314000000004,-76.940547
Briggs Chaney Park & Ride,658.0,39.077875,-76.941867
12th & Irving St NE,297.0,38.928644,-76.990955
Powhatan St & Bashford Ln,459.0,38.818748,-77.047783
Good Hope Rd & MLK Ave SE,47.0,38.867373,-76.988039
Rockville Metro West,373.0,39.084410666666656,-77.14693533333333
Congress Heights Metro,51.0,38.844711,-76.98782299999999
Arlington Blvd & S George Mason Dr,378.0,38.869442,-77.10450300000001
Minnesota Ave & R St SE,667.0,38.869336,-76.97851899999999
Fallsgrove Dr & W Montgomery Ave,329.0,39.099376,-77.188014
Motivate BX Tech office,283.0,38.964406,-77.010759
Library St & Freedom Dr,484.0,38.959693666666666,-77.35874983333333
Lee Center,458.0,38.797557,-77.05376600000001
Fairfax Village,41.0,38.865593166666656,-76.952137
Westpark Dr & Leesburg Pike,468.0,38.92403,-77.235955
Sligo Ave & Carroll Ln,495.0,38.990874,-77.016311
Jones Branch & Westbranch Dr,473.0,38.931911,-77.219261
Benning Branch Library,40.0,38.894,-76.947974
Key West Ave & Siesta Key Way,421.0,39.105295,-77.194774
Corporate Blvd & Omega Dr,534.0,39.106971,-77.192645
Largo Rd & Campus Way / Prince Georges's Comm Col,573.0,38.88994,-76.825535
Reston Town Center Transit Station,481.0,38.957037,-77.359718
Stanton Square SE,574.0,38.855004,-76.984512
South Capitol & Atlantic St SW,435.0,38.831516,-77.008133
Town Center Pkwy & Bowman Towne Dr,477.0,38.962524,-77.361902
Largo Town Center Metro,565.0,38.899811,-76.844604
Tysons West Transit Center,475.0,38.932635999999995,-77.231825
North Shore & Cameron Crescent Dr/Crescent Apartments,476.0,38.970046,-77.338686
Wheeler Ave & S. Floyd St.,671.0,38.808161,-77.100796
Executive Blvd & E Jefferson St,559.0,39.04873,-77.1257
1301 McCormick Dr / Wayne K. Curry Admin Bldg,564.0,38.908390999999995,-76.84326300000001
King Farm Blvd & Piccard Dr,351.0,39.110314,-77.18266899999999
4th St & Mississippi Ave SE,539.0,38.836,-77.0009
State Theatre / Park Pl & N Washington St,615.0,38.882746000000004,-77.17003199999999
Westpark & Jones Branch Dr,472.0,38.924437,-77.217664
19th & Savannah St SE,538.0,38.84623,-76.97703
Blueridge Ave & Elkin St,550.0,39.04320933333333,-77.04999483333333
Mount Vernon Ave & Bruce St,457.0,38.841325,-77.063058
Reston YMCA,489.0,38.955344333333336,-77.368431
United Medical Center,598.0,38.8357085,-76.98310550000001
Reston Pkwy & Spectrum Dr,523.0,38.96428516666667,-77.35432183333333
Medical Center Dr & Key West Ave,362.0,39.103091,-77.196442
Temporary Rd & Old Reston Ave,488.0,38.960084,-77.353414
Columbus Ave & Gramercy Blvd,522.0,39.123329999999996,-77.16486
Shady Grove Hospital,363.0,39.097636,-77.196636
Oxon Hill Park & Ride,580.0,38.798749,-77.00103
Fort Stanton Rec Center,650.0,38.857369,-76.977688
37th & Ely Pl SE,543.0,38.883010999999996,-76.949709
McLean Metro,593.0,38.924002,-77.20812600000001
Needwood Rd & Eagles Head Ct,331.0,39.123513,-77.15741
Towers Crescent Dr & Tysons One Pl,500.0,38.915246,-77.220157
Stewart Ln & Old Columbia Pike,660.0,39.045652000000004,-76.985438
Pooks Hill Rd & Linden Ave,502.0,39.014716,-77.10714300000001
Shady Grove Metro West,371.0,39.119765,-77.166093
Montgomery College / W Campus Dr & Mannakee St,336.0,39.095661,-77.159048
Fallsgrove Blvd & Fallsgrove Dr,312.0,39.096312,-77.192672
Good Hope Rd & 14th St SE,48.0,38.866611,-76.985238
Garland Ave & Walden Rd,562.0,39.000479999999996,-77.00076999999999
Philadelphia & Maple Ave,317.0,38.98128,-77.011336
Good Hope & Naylor Rd SE,35.0,38.860033666666666,-76.9678215
Town Center Pkwy & Sunset Hills Rd,511.0,38.95517,-77.36309399999999
Greensboro & International Dr,493.0,38.923083,-77.227417
Campus Commons,584.0,38.944707,-77.335425
White Oak Transit Center,664.0,39.04104,-76.987125
Rockville Pike & Old Georgetown Rd,557.0,39.049765,-77.11368
6035 Warehouse,165.0,38.963809999999995,-77.010266
Mississippi Ave & 19th St SE / THEARC,537.0,38.84377,-76.97556999999999
Duke St & Strand (Robinson Terminal),686.0,38.801947,-77.040293
Reston Regional Library,478.0,38.962095,-77.358815
Joliet St & MLK Ave SW/Bald Eagle Rec Ctr,542.0,38.81909,-77.01033000000001
